웨이퍼ID,검사일,라인,챔버온도,챔버압력,증착두께,세정농도,파티클수,판정
WF-0001,2026-09-01,1라인,65.3,4.51,96.3,0.72,14,합격
WF-0002,2026-09-01,2라인,71.1,3.16,93.4,1.0,27,합격
WF-0003,2026-09-01,3라인,64.2,2.93,99.1,0.76,50,합격
WF-0004,2026-09-01,1라인,66.1,4.1,94.4,0.83,10,합격
WF-0005,2026-09-01,2라인,64.6,4.31,98.0,0.91,0,합격
WF-0006,2026-09-01,3라인,65.3,3.95,96.5,1.34,14,합격
WF-0007,2026-09-01,1라인,67.2,4.63,98.9,1.05,42,불합격
WF-0008,2026-09-01,2라인,71.4,2.99,99.7,0.9,5,불합격
WF-0009,2026-09-01,3라인,69.6,3.06,93.0,1.35,7,불합격
WF-0010,2026-09-01,1라인,66.5,4.58,100.7,0.53,24,불합격
WF-0011,2026-09-01,2라인,65.0,4.42,97.0,0.81,26,합격
WF-0012,2026-09-01,3라인,66.3,2.89,93.8,1.0,7,합격
WF-0013,2026-09-01,1라인,65.0,3.68,97.2,1.02,8,합격
WF-0014,2026-09-01,2라인,64.2,4.43,99.1,1.12,10,합격
WF-0015,2026-09-01,3라인,66.0,4.25,94.8,1.03,7,합격
WF-0016,2026-09-01,1라인,64.3,4.39,98.8,1.32,0,합격
WF-0017,2026-09-01,2라인,70.8,3.24,94.1,1.24,26,합격
WF-0018,2026-09-01,3라인,67.2,4.21,98.9,0.91,7,불합격
WF-0019,2026-09-01,1라인,65.1,4.77,96.8,1.45,39,합격
WF-0020,2026-09-01,2라인,60.0,3.36,109.2,1.24,17,합격
WF-0021,2026-09-01,3라인,70.8,4.66,90.1,1.4,25,불합격
WF-0022,2026-09-01,1라인,66.2,4.58,101.2,0.97,17,불합격
WF-0023,2026-09-01,2라인,65.2,4.1,96.6,1.15,0,합격
WF-0024,2026-09-01,3라인,67.1,3.9,99.1,0.71,36,불합격
WF-0025,2026-09-01,1라인,71.1,4.3,93.4,1.33,3,합격
WF-0026,2026-09-01,2라인,64.3,4.51,98.7,0.88,11,합격
WF-0027,2026-09-01,3라인,67.1,4.34,99.2,0.88,9,불합격
WF-0028,2026-09-01,1라인,64.3,4.53,98.7,1.14,21,합격
WF-0029,2026-09-01,2라인,64.2,4.46,99.0,1.12,6,합격
WF-0030,2026-09-01,3라인,65.2,4.12,96.6,1.1,6,합격
WF-0031,2026-09-01,1라인,64.2,4.51,98.9,1.11,13,합격
WF-0032,2026-09-01,2라인,67.0,2.68,103.3,1.25,9,합격
WF-0033,2026-09-01,3라인,62.5,2.98,103.2,1.37,6,합격
WF-0034,2026-09-01,1라인,65.6,4.08,95.8,1.3,14,합격
WF-0035,2026-09-01,2라인,64.8,3.86,97.6,0.99,10,합격
WF-0036,2026-09-01,3라인,67.0,4.7,92.2,1.34,3,합격
WF-0037,2026-09-01,1라인,65.2,4.59,96.7,0.88,9,합격
WF-0038,2026-09-01,2라인,71.0,4.57,93.7,1.24,5,합격
WF-0039,2026-09-01,3라인,65.7,3.2,95.3,1.08,5,합격
WF-0040,2026-09-01,1라인,60.9,8.19,107.1,0.88,39,합격
WF-0041,2026-09-01,2라인,64.6,3.06,98.1,0.93,4,합격
WF-0042,2026-09-01,3라인,68.9,4.05,105.8,1.27,13,불합격
WF-0043,2026-09-01,1라인,64.0,4.07,99.6,1.23,25,합격
WF-0044,2026-09-02,2라인,64.5,4.4,98.3,1.31,11,합격
WF-0045,2026-09-02,3라인,67.5,4.73,102.1,0.89,14,합격
WF-0046,2026-09-02,1라인,70.5,4.36,94.8,0.89,4,합격
WF-0047,2026-09-02,2라인,64.0,4.38,99.4,1.71,18,합격
WF-0048,2026-09-02,3라인,65.2,3.76,96.7,1.47,2,합격
WF-0049,2026-09-02,1라인,64.9,3.14,97.3,1.32,9,합격
WF-0050,2026-09-02,2라인,65.8,4.38,95.1,1.46,14,합격
WF-0051,2026-09-02,3라인,65.8,2.95,95.0,1.14,3,합격
WF-0052,2026-09-02,1라인,67.5,4.31,98.1,1.05,11,불합격
WF-0053,2026-09-02,2라인,65.8,4.09,95.1,1.43,17,합격
WF-0054,2026-09-02,3라인,66.7,4.43,103.9,1.22,3,합격
WF-0055,2026-09-02,1라인,65.6,3.9,95.6,1.34,14,합격
WF-0056,2026-09-02,2라인,64.8,4.52,97.5,1.19,0,합격
WF-0057,2026-09-02,3라인,64.4,2.96,98.5,1.33,0,합격
WF-0058,2026-09-02,1라인,65.1,2.94,96.8,0.94,0,합격
WF-0059,2026-09-02,2라인,67.0,2.36,103.2,1.3,10,합격
WF-0060,2026-09-02,3라인,65.6,4.22,95.7,1.43,5,합격
WF-0061,2026-09-02,1라인,73.4,4.29,94.8,1.08,10,불합격
WF-0062,2026-09-02,2라인,66.1,4.69,95.3,0.98,23,합격
WF-0063,2026-09-02,3라인,67.2,4.03,102.9,0.9,9,합격
WF-0064,2026-09-02,1라인,64.5,3.28,98.3,1.18,28,합격
WF-0065,2026-09-02,2라인,63.7,3.96,100.2,1.34,3,합격
WF-0066,2026-09-02,3라인,63.7,4.07,100.2,1.61,9,합격
WF-0067,2026-09-02,1라인,68.2,3.86,96.4,1.5,5,불합격
WF-0068,2026-09-02,2라인,65.3,4.7,96.4,1.16,29,합격
WF-0069,2026-09-02,3라인,65.8,4.19,95.2,1.06,10,합격
WF-0070,2026-09-02,1라인,64.8,4.33,97.6,1.0,15,합격
WF-0071,2026-09-02,2라인,66.1,3.09,94.4,1.0,12,합격
WF-0072,2026-09-02,3라인,64.9,4.84,97.3,1.02,0,합격
WF-0073,2026-09-02,1라인,69.6,4.55,97.0,1.37,13,합격
WF-0074,2026-09-02,2라인,68.3,4.44,100.1,0.53,16,합격
WF-0075,2026-09-02,3라인,64.7,3.64,97.7,1.24,54,합격
WF-0076,2026-09-02,1라인,71.1,4.13,93.3,0.93,4,합격
WF-0077,2026-09-02,2라인,65.9,4.33,94.9,1.04,11,합격
WF-0078,2026-09-02,3라인,69.0,3.22,98.4,0.96,47,합격
WF-0079,2026-09-02,1라인,70.6,4.29,101.7,0.93,5,불합격
WF-0080,2026-09-02,2라인,63.9,4.69,99.6,1.27,11,합격
WF-0081,2026-09-02,3라인,65.6,4.57,95.7,0.89,36,합격
WF-0082,2026-09-02,1라인,64.6,3.15,98.0,1.24,5,합격
WF-0083,2026-09-02,2라인,64.5,4.02,98.3,1.09,0,합격
WF-0084,2026-09-02,3라인,64.8,4.21,97.6,1.64,3,합격
WF-0085,2026-09-02,1라인,64.2,4.58,99.0,1.1,3,합격
WF-0086,2026-09-03,2라인,70.6,2.81,94.5,0.96,7,합격
WF-0087,2026-09-03,3라인,65.2,3.08,96.5,1.48,3,합격
WF-0088,2026-09-03,1라인,64.6,4.24,98.1,1.66,4,합격
WF-0089,2026-09-03,2라인,63.5,4.66,100.6,1.1,0,합격
WF-0090,2026-09-03,3라인,63.9,3.25,99.7,0.72,15,합격
WF-0091,2026-09-03,1라인,64.8,3.83,97.6,0.74,10,합격
WF-0092,2026-09-03,2라인,64.1,4.49,99.2,1.28,12,합격
WF-0093,2026-09-03,3라인,68.4,4.18,95.9,1.34,7,불합격
WF-0094,2026-09-03,1라인,64.4,3.1,98.5,1.31,11,합격
WF-0095,2026-09-03,2라인,64.8,4.06,97.7,1.15,21,합격
WF-0096,2026-09-03,3라인,68.3,4.44,107.1,0.77,9,불합격
WF-0097,2026-09-03,1라인,69.9,2.86,96.3,0.89,4,합격
WF-0098,2026-09-03,2라인,64.8,3.29,97.6,1.42,10,합격
WF-0099,2026-09-03,3라인,68.9,4.66,98.6,1.03,17,합격
WF-0100,2026-09-03,1라인,65.0,4.28,97.1,1.42,8,합격
WF-0101,2026-09-03,2라인,63.4,4.29,101.1,1.29,7,합격
WF-0102,2026-09-03,3라인,64.1,4.39,99.3,1.05,11,합격
WF-0103,2026-09-03,1라인,63.6,4.36,100.4,1.08,19,합격
WF-0104,2026-09-03,2라인,65.7,3.18,95.3,0.96,53,합격
WF-0105,2026-09-03,3라인,73.6,2.88,94.4,1.63,8,불합격
WF-0106,2026-09-03,1라인,64.1,4.58,99.3,1.21,12,합격
WF-0107,2026-09-03,2라인,63.2,4.55,101.4,1.22,9,합격
WF-0108,2026-09-03,3라인,65.1,3.2,96.8,1.06,3,합격
WF-0109,2026-09-03,1라인,65.0,3.33,97.1,1.16,54,합격
WF-0110,2026-09-03,2라인,64.9,3.08,97.4,1.39,36,합격
WF-0111,2026-09-03,3라인,66.3,4.04,94.0,1.15,23,합격
WF-0112,2026-09-03,1라인,64.1,4.15,99.2,0.96,5,합격
WF-0113,2026-09-03,2라인,68.2,4.4,107.5,1.05,13,불합격
WF-0114,2026-09-03,3라인,65.2,4.66,96.5,1.37,4,합격
WF-0115,2026-09-03,1라인,64.4,4.32,98.4,1.48,8,합격
WF-0116,2026-09-03,2라인,65.7,4.52,95.4,0.96,4,합격
WF-0117,2026-09-03,3라인,65.8,4.06,95.2,1.29,15,합격
WF-0118,2026-09-03,1라인,64.6,3.62,98.0,0.92,4,합격
WF-0119,2026-09-03,2라인,64.9,4.32,97.4,1.1,11,합격
WF-0120,2026-09-03,3라인,64.4,3.96,98.5,1.45,13,합격
WF-0121,2026-09-03,1라인,65.8,3.14,95.1,1.03,11,합격
WF-0122,2026-09-03,2라인,64.0,3.32,99.5,1.14,15,합격
WF-0123,2026-09-03,3라인,65.2,4.46,96.7,1.15,18,합격
WF-0124,2026-09-03,1라인,65.4,3.76,96.1,1.17,12,합격
WF-0125,2026-09-03,2라인,68.5,5.03,95.7,1.07,25,불합격
WF-0126,2026-09-03,3라인,68.8,3.58,98.8,1.11,8,합격
WF-0127,2026-09-03,1라인,64.9,2.95,97.4,0.77,9,합격
WF-0128,2026-09-04,2라인,65.5,4.21,95.8,0.92,0,합격
WF-0129,2026-09-04,3라인,64.5,4.25,98.3,1.12,4,합격
WF-0130,2026-09-04,1라인,65.4,3.16,96.2,1.45,17,합격
WF-0131,2026-09-04,2라인,68.5,4.3,95.8,1.49,18,불합격
WF-0132,2026-09-04,3라인,64.3,2.73,98.9,1.17,13,합격
WF-0133,2026-09-04,1라인,64.8,4.12,97.6,1.12,0,합격
WF-0134,2026-09-04,2라인,65.4,4.66,96.0,1.22,22,합격
WF-0135,2026-09-04,3라인,66.9,4.5,92.5,0.96,16,합격
WF-0136,2026-09-04,1라인,64.2,4.38,99.1,0.86,9,합격
WF-0137,2026-09-04,2라인,64.6,4.3,98.0,1.3,1,합격
WF-0138,2026-09-04,3라인,64.1,3.19,99.3,1.17,12,합격
WF-0139,2026-09-04,1라인,64.6,3.49,98.2,1.3,3,합격
WF-0140,2026-09-04,2라인,65.3,4.42,96.3,1.58,19,합격
WF-0141,2026-09-04,3라인,73.3,4.64,95.2,1.24,6,불합격
WF-0142,2026-09-04,1라인,71.6,3.94,96.0,1.19,12,불합격
WF-0143,2026-09-04,2라인,65.0,4.08,97.2,1.16,17,합격
WF-0144,2026-09-04,3라인,64.7,3.16,97.9,1.26,7,합격
WF-0145,2026-09-04,1라인,64.3,3.98,98.9,1.0,5,합격
WF-0146,2026-09-04,2라인,69.1,2.33,98.2,1.12,9,합격
WF-0147,2026-09-04,3라인,68.0,8.29,100.9,0.87,1,합격
WF-0148,2026-09-04,1라인,66.4,4.26,93.6,1.07,20,합격
WF-0149,2026-09-04,2라인,65.0,4.31,97.1,1.03,38,합격
WF-0150,2026-09-04,3라인,65.0,4.46,97.1,0.98,0,합격
WF-0151,2026-09-04,1라인,65.4,3.61,96.0,1.3,9,합격
WF-0152,2026-09-04,2라인,65.4,4.51,96.1,1.2,29,합격
WF-0153,2026-09-04,3라인,64.1,4.4,99.4,1.17,8,합격
WF-0154,2026-09-04,1라인,64.7,4.27,97.9,0.92,5,합격
WF-0155,2026-09-04,2라인,65.2,4.86,96.6,1.02,15,합격
WF-0156,2026-09-04,3라인,65.9,4.41,101.2,1.33,0,합격
WF-0157,2026-09-04,1라인,69.6,3.22,96.9,1.46,18,합격
WF-0158,2026-09-04,2라인,67.1,4.28,103.1,1.2,5,합격
WF-0159,2026-09-04,3라인,65.9,3.93,95.0,1.46,7,합격
WF-0160,2026-09-04,1라인,65.5,4.55,95.9,0.66,6,합격
WF-0161,2026-09-04,2라인,65.6,2.97,95.7,1.25,5,합격
WF-0162,2026-09-04,3라인,63.6,4.35,100.4,1.13,4,합격
WF-0163,2026-09-04,1라인,65.7,3.0,95.4,1.37,7,합격
WF-0164,2026-09-04,2라인,65.0,4.12,97.1,1.57,0,합격
WF-0165,2026-09-04,3라인,71.2,4.77,93.2,1.6,5,합격
WF-0166,2026-09-04,1라인,65.8,3.24,95.2,1.38,2,합격
WF-0167,2026-09-04,2라인,68.4,4.32,99.8,1.02,9,합격
WF-0168,2026-09-04,3라인,66.2,4.5,94.2,1.0,15,합격
WF-0169,2026-09-04,1라인,64.0,2.9,99.6,1.59,15,합격
WF-0170,2026-09-05,2라인,65.2,4.3,96.5,1.51,16,합격
WF-0171,2026-09-05,3라인,65.1,3.07,96.8,1.01,17,합격
WF-0172,2026-09-05,1라인,65.0,2.57,97.2,1.16,26,합격
WF-0173,2026-09-05,2라인,71.0,3.42,100.8,0.96,8,불합격
WF-0174,2026-09-05,3라인,68.1,4.23,96.6,1.81,19,불합격
WF-0175,2026-09-05,1라인,68.0,4.08,96.9,1.52,40,불합격
WF-0176,2026-09-05,2라인,65.7,3.02,95.3,1.3,28,합격
WF-0177,2026-09-05,3라인,69.6,2.44,97.1,0.95,10,합격
WF-0178,2026-09-05,1라인,64.2,4.61,99.1,1.62,18,합격
WF-0179,2026-09-05,2라인,65.4,2.93,96.2,1.6,20,합격
WF-0180,2026-09-05,3라인,64.8,3.18,97.7,1.23,28,합격
WF-0181,2026-09-05,1라인,64.9,4.52,97.4,1.18,12,합격
WF-0182,2026-09-05,2라인,65.7,4.17,95.5,1.06,31,합격
WF-0183,2026-09-05,3라인,67.1,4.28,103.0,0.88,5,합격
WF-0184,2026-09-05,1라인,71.1,3.05,100.4,0.92,3,불합격
WF-0185,2026-09-05,2라인,70.3,4.31,95.3,1.75,12,합격
WF-0186,2026-09-05,3라인,64.3,4.18,98.9,1.13,9,합격
WF-0187,2026-09-05,1라인,67.4,5.01,98.3,0.87,0,불합격
WF-0188,2026-09-05,2라인,68.8,3.98,94.9,1.06,10,불합격
WF-0189,2026-09-05,3라인,69.0,4.98,98.6,0.94,20,합격
WF-0190,2026-09-05,1라인,66.4,2.72,93.6,1.2,7,합격
WF-0191,2026-09-05,2라인,62.7,3.07,102.7,0.89,8,합격
WF-0192,2026-09-05,3라인,64.3,4.18,98.8,1.24,30,합격
WF-0193,2026-09-05,1라인,67.9,4.35,101.1,1.33,9,합격
WF-0194,2026-09-05,2라인,65.4,4.42,96.1,1.11,6,합격
WF-0195,2026-09-05,3라인,67.8,4.67,101.3,1.1,6,합격
WF-0196,2026-09-05,1라인,65.5,2.92,96.0,0.99,53,합격
WF-0197,2026-09-05,2라인,64.3,4.47,98.8,1.52,51,합격
WF-0198,2026-09-05,3라인,63.5,2.93,100.8,1.23,4,합격
WF-0199,2026-09-05,1라인,74.3,3.05,92.8,0.97,21,불합격
WF-0200,2026-09-05,2라인,63.2,4.6,101.4,1.21,8,합격
WF-0201,2026-09-05,3라인,70.7,4.06,94.4,1.01,7,합격
WF-0202,2026-09-05,1라인,65.2,4.64,96.5,1.41,6,합격
WF-0203,2026-09-05,2라인,66.2,3.92,94.1,1.16,24,합격
WF-0204,2026-09-05,3라인,65.8,4.37,95.2,0.83,5,합격
WF-0205,2026-09-05,1라인,64.4,4.09,98.6,1.22,4,합격
WF-0206,2026-09-05,2라인,68.1,3.2,107.8,1.31,8,불합격
WF-0207,2026-09-05,3라인,66.1,3.03,94.5,1.06,35,합격
WF-0208,2026-09-05,1라인,68.2,4.77,100.3,1.34,7,합격
WF-0209,2026-09-05,2라인,63.8,4.48,100.1,1.12,5,합격
WF-0210,2026-09-05,3라인,67.5,3.13,91.1,0.86,5,합격
WF-0211,2026-09-05,1라인,69.1,3.11,98.1,0.83,7,합격
WF-0212,2026-09-06,2라인,65.1,4.93,96.8,1.14,18,합격
WF-0213,2026-09-06,3라인,65.4,4.46,96.2,1.14,20,합격
WF-0214,2026-09-06,1라인,65.8,4.71,95.2,1.54,0,합격
WF-0215,2026-09-06,2라인,62.8,4.04,102.3,1.09,12,합격
WF-0216,2026-09-06,3라인,64.4,4.26,98.5,1.3,17,합격
WF-0217,2026-09-06,1라인,65.4,4.51,96.2,1.74,0,합격
WF-0218,2026-09-06,2라인,67.8,4.79,97.4,1.07,4,불합격
WF-0219,2026-09-06,3라인,64.7,4.83,97.8,1.15,39,합격
WF-0220,2026-09-06,1라인,65.5,8.14,95.8,1.12,14,합격
WF-0221,2026-09-06,2라인,64.2,4.72,99.0,0.85,0,합격
WF-0222,2026-09-06,3라인,65.7,4.12,95.3,1.38,4,합격
WF-0223,2026-09-06,1라인,70.6,4.23,94.5,0.66,8,합격
WF-0224,2026-09-06,2라인,70.8,2.97,94.0,1.25,3,합격
WF-0225,2026-09-06,3라인,69.1,4.21,98.2,0.71,9,합격
WF-0226,2026-09-06,1라인,68.2,3.11,96.5,0.96,0,불합격
WF-0227,2026-09-06,2라인,66.3,3.11,94.1,1.32,21,합격
WF-0228,2026-09-06,3라인,64.9,2.87,97.4,1.34,7,합격
WF-0229,2026-09-06,1라인,65.2,2.96,96.5,1.37,11,합격
WF-0230,2026-09-06,2라인,63.0,4.43,102.0,1.3,12,합격
WF-0231,2026-09-06,3라인,65.4,4.53,96.1,1.26,5,합격
WF-0232,2026-09-06,1라인,69.3,4.34,104.9,1.6,7,불합격
WF-0233,2026-09-06,2라인,65.5,3.97,95.8,0.76,32,합격
WF-0234,2026-09-06,3라인,67.7,4.43,97.7,0.88,16,불합격
WF-0235,2026-09-06,1라인,67.3,4.15,102.5,0.54,54,합격
WF-0236,2026-09-06,2라인,66.0,4.21,94.7,1.0,6,합격
WF-0237,2026-09-06,3라인,65.4,4.14,96.0,1.51,55,합격
WF-0238,2026-09-06,1라인,63.5,3.08,100.8,1.05,20,합격
WF-0239,2026-09-06,2라인,64.5,3.91,98.4,1.2,8,합격
WF-0240,2026-09-06,3라인,65.2,3.13,96.7,0.9,5,합격
WF-0241,2026-09-06,1라인,65.0,4.34,97.1,1.35,7,합격
WF-0242,2026-09-06,2라인,70.3,4.5,91.2,1.21,16,불합격
WF-0243,2026-09-06,3라인,69.0,4.06,98.4,0.71,5,합격
WF-0244,2026-09-06,1라인,64.6,3.11,98.1,1.44,0,합격
WF-0245,2026-09-06,2라인,68.1,4.22,96.5,1.18,17,불합격
WF-0246,2026-09-06,3라인,64.7,3.16,97.7,0.92,4,합격
WF-0247,2026-09-06,1라인,71.5,2.92,92.5,1.59,4,합격
WF-0248,2026-09-06,2라인,64.3,3.38,98.8,1.04,4,합격
WF-0249,2026-09-06,3라인,67.6,3.1,101.8,0.87,16,합격
WF-0250,2026-09-06,1라인,64.9,4.13,97.3,1.23,0,합격
WF-0251,2026-09-06,2라인,63.9,4.64,99.7,1.51,12,합격
WF-0252,2026-09-06,3라인,68.5,4.27,95.7,0.81,52,불합격
WF-0253,2026-09-06,1라인,66.0,4.29,95.7,1.15,58,합격
WF-0254,2026-09-07,2라인,63.6,4.37,100.4,1.05,43,합격
WF-0255,2026-09-07,3라인,64.7,3.96,97.9,1.14,6,합격
WF-0256,2026-09-07,1라인,74.0,4.45,93.4,1.2,8,불합격
WF-0257,2026-09-07,2라인,64.2,4.11,98.9,1.18,39,합격
WF-0258,2026-09-07,3라인,67.5,3.63,102.2,0.78,19,합격
WF-0259,2026-09-07,1라인,64.7,3.44,97.8,1.11,13,합격
WF-0260,2026-09-07,2라인,64.9,3.03,97.3,1.01,20,합격
WF-0261,2026-09-07,3라인,62.7,4.54,102.7,0.72,9,합격
WF-0262,2026-09-07,1라인,65.4,4.36,96.1,0.88,2,합격
WF-0263,2026-09-07,2라인,72.0,8.2,98.4,1.69,3,불합격
WF-0264,2026-09-07,3라인,65.3,3.93,96.4,1.27,9,합격
WF-0265,2026-09-07,1라인,66.0,4.52,94.8,1.58,5,합격
WF-0266,2026-09-07,2라인,66.9,4.32,103.6,1.58,3,합격
WF-0267,2026-09-07,3라인,64.9,4.22,97.4,1.53,4,합격
WF-0268,2026-09-07,1라인,65.3,4.51,107.4,0.85,5,합격
WF-0269,2026-09-07,2라인,65.1,4.47,96.7,1.16,11,합격
WF-0270,2026-09-07,3라인,64.1,4.43,99.3,0.97,23,합격
WF-0271,2026-09-07,1라인,64.0,4.33,99.6,0.72,3,합격
WF-0272,2026-09-07,2라인,64.7,4.25,97.7,1.08,0,합격
WF-0273,2026-09-07,3라인,66.1,4.61,94.5,1.1,43,합격
WF-0274,2026-09-07,1라인,67.9,4.12,101.2,1.33,26,합격
WF-0275,2026-09-07,2라인,65.5,2.97,95.8,0.51,42,합격
WF-0276,2026-09-07,3라인,64.8,3.92,97.5,0.72,4,합격
WF-0277,2026-09-07,1라인,63.9,4.04,99.8,1.19,0,합격
WF-0278,2026-09-07,2라인,66.0,4.43,94.6,1.26,16,합격
WF-0279,2026-09-07,3라인,65.0,3.86,97.0,1.12,0,합격
WF-0280,2026-09-07,1라인,65.4,4.43,96.2,0.9,6,합격
WF-0281,2026-09-07,2라인,64.0,3.27,99.5,0.96,15,합격
WF-0282,2026-09-07,3라인,64.2,3.84,98.9,1.12,49,합격
WF-0283,2026-09-07,1라인,71.3,4.21,92.9,0.77,8,합격
WF-0284,2026-09-07,2라인,65.3,3.26,96.2,1.03,6,합격
WF-0285,2026-09-07,3라인,65.6,4.09,95.7,0.99,3,합격
WF-0286,2026-09-07,1라인,70.0,4.36,96.1,1.17,5,합격
WF-0287,2026-09-07,2라인,64.6,3.31,98.2,1.18,2,합격
WF-0288,2026-09-07,3라인,65.1,4.35,96.8,1.34,6,합격
WF-0289,2026-09-07,1라인,64.6,4.65,98.2,1.22,12,합격
WF-0290,2026-09-07,2라인,64.1,4.39,99.3,1.51,0,합격
WF-0291,2026-09-07,3라인,65.7,5.17,95.5,1.19,0,합격
WF-0292,2026-09-07,1라인,64.7,4.05,97.7,0.78,58,합격
WF-0293,2026-09-07,2라인,64.7,3.97,97.9,1.01,5,합격
WF-0294,2026-09-07,3라인,63.7,4.42,100.1,1.08,0,합격
WF-0295,2026-09-07,1라인,65.7,4.52,95.4,1.1,5,합격
WF-0296,2026-09-07,2라인,65.1,2.35,96.9,0.93,4,합격
WF-0297,2026-09-08,3라인,65.0,3.0,97.1,1.62,60,합격
WF-0298,2026-09-08,1라인,73.9,3.09,93.7,0.76,13,불합격
WF-0299,2026-09-08,2라인,64.9,4.24,97.3,1.02,8,합격
WF-0300,2026-09-08,3라인,64.2,3.99,99.1,1.28,17,합격
WF-0301,2026-09-08,1라인,64.2,4.11,98.9,1.4,18,합격
WF-0302,2026-09-08,2라인,64.1,4.76,99.3,1.07,11,합격
WF-0303,2026-09-08,3라인,65.3,2.95,96.3,0.62,55,합격
WF-0304,2026-09-08,1라인,63.7,4.25,100.2,1.11,8,합격
WF-0305,2026-09-08,2라인,65.6,4.25,95.7,1.0,8,합격
WF-0306,2026-09-08,3라인,72.9,4.59,96.1,1.29,5,불합격
WF-0307,2026-09-08,1라인,64.7,4.74,97.8,0.71,12,합격
WF-0308,2026-09-08,2라인,64.9,2.97,97.3,1.58,11,합격
WF-0309,2026-09-08,3라인,65.2,4.66,96.7,1.48,8,합격
WF-0310,2026-09-08,1라인,65.1,3.24,96.9,1.38,14,합격
WF-0311,2026-09-08,2라인,65.4,4.56,96.1,1.41,11,합격
WF-0312,2026-09-08,3라인,64.4,4.74,98.5,1.34,16,합격
WF-0313,2026-09-08,1라인,65.2,4.34,96.7,0.76,19,합격
WF-0314,2026-09-08,2라인,65.5,4.52,95.8,0.91,20,합격
WF-0315,2026-09-08,3라인,64.3,4.33,98.7,0.94,15,합격
WF-0316,2026-09-08,1라인,69.6,3.31,97.1,1.29,11,합격
WF-0317,2026-09-08,2라인,64.1,2.77,99.3,1.63,7,합격
WF-0318,2026-09-08,3라인,64.5,4.08,98.2,1.02,4,합격
WF-0319,2026-09-08,1라인,65.0,2.88,97.2,1.0,40,합격
WF-0320,2026-09-08,2라인,64.7,4.42,97.8,1.12,12,합격
WF-0321,2026-09-08,3라인,65.2,3.28,96.7,1.36,5,합격
WF-0322,2026-09-08,1라인,66.7,3.03,93.0,1.46,19,합격
WF-0323,2026-09-08,2라인,65.8,4.85,95.0,1.13,25,합격
WF-0324,2026-09-08,3라인,62.9,3.11,102.2,1.11,10,합격
WF-0325,2026-09-08,1라인,73.1,4.21,95.7,1.08,7,불합격
WF-0326,2026-09-08,2라인,69.9,4.2,96.3,1.31,8,합격
WF-0327,2026-09-08,3라인,64.9,4.75,97.2,1.01,21,합격
WF-0328,2026-09-08,1라인,65.6,4.04,95.7,0.89,5,합격
WF-0329,2026-09-08,2라인,64.1,3.94,99.4,1.14,44,합격
WF-0330,2026-09-08,3라인,67.2,4.39,102.8,1.26,3,합격
WF-0331,2026-09-08,1라인,66.2,4.35,94.3,1.0,0,합격
WF-0332,2026-09-08,2라인,65.1,4.68,97.0,1.0,22,합격
WF-0333,2026-09-08,3라인,63.5,4.28,100.8,1.31,47,합격
WF-0334,2026-09-08,1라인,63.3,4.36,101.2,1.16,22,합격
WF-0335,2026-09-08,2라인,80.0,3.03,110.0,1.25,2,불합격
WF-0336,2026-09-08,3라인,70.6,4.5,101.7,1.2,9,불합격
WF-0337,2026-09-08,1라인,67.1,4.39,103.0,1.76,11,합격
WF-0338,2026-09-08,2라인,68.2,4.08,100.5,1.2,8,합격
WF-0339,2026-09-09,3라인,64.9,4.28,97.4,0.97,3,합격
WF-0340,2026-09-09,1라인,65.1,4.24,96.9,1.01,9,합격
WF-0341,2026-09-09,2라인,66.6,4.58,93.2,1.66,12,합격
WF-0342,2026-09-09,3라인,64.0,4.55,99.6,0.81,6,합격
WF-0343,2026-09-09,1라인,65.7,4.29,95.3,1.08,14,합격
WF-0344,2026-09-09,2라인,64.9,4.41,97.4,0.73,0,합격
WF-0345,2026-09-09,3라인,64.9,4.55,97.2,0.83,12,합격
WF-0346,2026-09-09,1라인,70.0,4.43,103.1,0.89,6,불합격
WF-0347,2026-09-09,2라인,64.2,4.47,105.9,1.57,27,합격
WF-0348,2026-09-09,3라인,64.5,3.0,98.2,1.16,11,합격
WF-0349,2026-09-09,1라인,64.8,3.13,97.7,1.02,3,합격
WF-0350,2026-09-09,2라인,64.7,3.99,97.8,0.88,16,합격
WF-0351,2026-09-09,3라인,64.1,4.3,99.4,1.6,10,합격
WF-0352,2026-09-09,1라인,67.5,4.59,98.2,1.18,21,불합격
WF-0353,2026-09-09,2라인,64.5,4.47,98.3,1.54,10,합격
WF-0354,2026-09-09,3라인,65.7,4.18,95.3,1.06,13,합격
WF-0355,2026-09-09,1라인,64.9,4.4,97.3,1.17,3,합격
WF-0356,2026-09-09,2라인,64.4,4.7,98.4,1.12,38,합격
WF-0357,2026-09-09,3라인,65.5,3.28,95.9,0.92,12,합격
WF-0358,2026-09-09,1라인,63.1,4.71,101.7,1.15,27,합격
WF-0359,2026-09-09,2라인,65.5,3.21,95.9,0.95,6,합격
WF-0360,2026-09-09,3라인,63.4,4.53,101.0,0.89,21,합격
WF-0361,2026-09-09,1라인,65.1,4.07,96.8,0.81,5,합격
WF-0362,2026-09-09,2라인,64.7,4.44,97.7,1.24,9,합격
WF-0363,2026-09-09,3라인,65.5,2.92,95.9,0.54,11,합격
WF-0364,2026-09-09,1라인,65.6,4.42,95.8,1.23,9,합격
WF-0365,2026-09-09,2라인,66.2,4.56,94.2,1.47,10,합격
WF-0366,2026-09-09,3라인,64.7,4.36,97.8,1.09,29,합격
WF-0367,2026-09-09,1라인,68.8,3.5,106.1,1.35,3,불합격
WF-0368,2026-09-09,2라인,65.4,4.66,96.2,1.46,10,합격
WF-0369,2026-09-09,3라인,65.4,3.91,96.1,1.36,35,합격
WF-0370,2026-09-09,1라인,69.9,3.04,96.3,1.17,47,합격
WF-0371,2026-09-09,2라인,66.8,5.08,99.7,1.14,19,불합격
WF-0372,2026-09-09,3라인,65.5,4.27,95.9,1.48,7,합격
WF-0373,2026-09-09,1라인,68.0,4.05,96.9,1.37,2,불합격
WF-0374,2026-09-09,2라인,65.1,4.4,96.8,1.03,29,합격
WF-0375,2026-09-09,3라인,65.5,4.32,95.8,1.9,8,합격
WF-0376,2026-09-09,1라인,63.3,4.8,101.1,1.16,0,합격
WF-0377,2026-09-09,2라인,63.4,4.57,100.9,1.23,8,합격
WF-0378,2026-09-09,3라인,62.5,2.92,103.2,1.49,9,합격
WF-0379,2026-09-09,1라인,64.2,4.16,99.1,0.91,52,합격
WF-0380,2026-09-09,2라인,64.1,4.07,99.4,1.08,7,합격
WF-0381,2026-09-10,3라인,66.5,4.51,100.6,0.96,13,불합격
WF-0382,2026-09-10,1라인,68.3,9.99,107.2,1.58,10,불합격
WF-0383,2026-09-10,2라인,71.9,4.27,98.4,0.87,3,불합격
WF-0384,2026-09-10,3라인,66.5,4.21,93.5,1.04,9,합격
WF-0385,2026-09-10,1라인,64.5,4.19,98.2,1.0,0,합격
WF-0386,2026-09-10,2라인,65.5,4.72,95.8,1.25,37,합격
WF-0387,2026-09-10,3라인,64.8,4.73,97.5,1.39,18,합격
WF-0388,2026-09-10,1라인,64.4,4.52,98.6,1.05,6,합격
WF-0389,2026-09-10,2라인,65.5,4.25,95.8,1.5,8,합격
WF-0390,2026-09-10,3라인,64.8,4.63,97.5,1.51,8,합격
WF-0391,2026-09-10,1라인,64.0,4.21,99.6,1.29,12,합격
WF-0392,2026-09-10,2라인,68.4,3.11,99.9,1.25,20,합격
WF-0393,2026-09-10,3라인,64.7,3.89,97.7,1.13,5,합격
WF-0394,2026-09-10,1라인,65.3,4.49,96.4,1.0,11,합격
WF-0395,2026-09-10,2라인,63.5,4.13,100.8,1.48,0,합격
WF-0396,2026-09-10,3라인,65.1,4.12,96.9,0.99,9,합격
WF-0397,2026-09-10,1라인,65.4,2.96,96.1,1.22,16,합격
WF-0398,2026-09-10,2라인,66.2,3.82,94.2,1.27,42,합격
WF-0399,2026-09-10,3라인,65.6,3.04,95.6,1.15,28,합격
WF-0400,2026-09-10,1라인,69.0,4.34,94.4,1.35,34,불합격
WF-0401,2026-09-10,2라인,73.5,4.56,94.7,1.45,7,불합격
WF-0402,2026-09-10,3라인,64.3,4.06,98.7,2.0,33,합격
WF-0403,2026-09-10,1라인,65.1,3.11,96.9,1.06,0,합격
WF-0404,2026-09-10,2라인,63.6,4.13,100.5,0.93,30,합격
WF-0405,2026-09-10,3라인,65.9,4.25,94.8,1.08,5,합격
WF-0406,2026-09-10,1라인,65.2,4.66,96.7,1.12,33,합격
WF-0407,2026-09-10,2라인,69.6,4.65,93.0,1.43,0,불합격
WF-0408,2026-09-10,3라인,65.0,4.38,97.0,1.34,8,합격
WF-0409,2026-09-10,1라인,66.3,4.59,100.9,1.09,0,불합격
WF-0410,2026-09-10,2라인,64.7,4.31,97.8,0.92,9,합격
WF-0411,2026-09-10,3라인,65.7,3.09,95.3,1.07,48,합격
WF-0412,2026-09-10,1라인,65.7,3.34,95.4,1.1,0,합격
WF-0413,2026-09-10,2라인,74.1,8.11,93.2,1.7,6,불합격
WF-0414,2026-09-10,3라인,64.2,4.74,99.0,1.22,15,합격
WF-0415,2026-09-10,1라인,67.3,4.42,98.5,0.92,5,불합격
WF-0416,2026-09-10,2라인,68.0,4.31,97.0,0.81,5,불합격
WF-0417,2026-09-10,3라인,70.9,4.93,101.0,1.33,7,불합격
WF-0418,2026-09-10,1라인,65.2,4.91,96.7,0.53,36,합격
WF-0419,2026-09-10,2라인,65.2,4.15,96.7,1.03,4,합격
WF-0420,2026-09-10,3라인,68.6,4.32,95.3,1.17,8,불합격
WF-0421,2026-09-10,1라인,65.0,3.8,97.1,1.08,28,합격
WF-0422,2026-09-10,2라인,66.6,3.13,100.3,1.12,22,불합격
WF-0423,2026-09-11,3라인,64.4,4.69,98.5,1.57,0,합격
WF-0424,2026-09-11,1라인,73.2,4.43,95.3,0.89,10,불합격
WF-0425,2026-09-11,2라인,70.9,4.2,93.8,1.37,7,합격
WF-0426,2026-09-11,3라인,64.9,3.03,97.2,1.28,11,합격
WF-0427,2026-09-11,1라인,65.2,2.93,96.7,0.95,8,합격
WF-0428,2026-09-11,2라인,63.8,2.94,100.0,1.15,12,합격
WF-0429,2026-09-11,3라인,64.2,4.43,99.0,1.17,34,합격
WF-0430,2026-09-11,1라인,65.1,5.01,96.9,0.79,26,합격
WF-0431,2026-09-11,2라인,70.8,4.63,90.0,0.87,36,불합격
WF-0432,2026-09-11,3라인,62.2,3.1,103.8,1.8,22,합격
WF-0433,2026-09-11,1라인,64.9,4.08,97.4,1.12,8,합격
WF-0434,2026-09-11,2라인,71.1,2.97,93.5,0.94,9,합격
WF-0435,2026-09-11,3라인,65.8,4.08,95.1,1.07,23,합격
WF-0436,2026-09-11,1라인,65.4,2.91,96.1,0.5,4,합격
WF-0437,2026-09-11,2라인,64.0,4.54,99.5,1.29,8,합격
WF-0438,2026-09-11,3라인,64.8,4.22,97.6,0.83,4,합격
WF-0439,2026-09-11,1라인,65.2,3.16,96.6,1.28,6,합격
WF-0440,2026-09-11,2라인,65.3,2.94,96.4,1.08,19,합격
WF-0441,2026-09-11,3라인,64.9,4.9,97.4,1.26,18,합격
WF-0442,2026-09-11,1라인,68.7,4.42,99.3,1.3,8,합격
WF-0443,2026-09-11,2라인,64.8,4.2,97.7,0.85,13,합격
WF-0444,2026-09-11,3라인,64.5,5.78,98.3,1.51,23,합격
WF-0445,2026-09-11,1라인,65.0,4.15,97.2,0.66,0,합격
WF-0446,2026-09-11,2라인,63.1,5.53,101.6,1.19,3,합격
WF-0447,2026-09-11,3라인,63.7,4.29,100.3,1.6,9,합격
WF-0448,2026-09-11,1라인,64.4,4.1,98.5,1.24,11,합격
WF-0449,2026-09-11,2라인,64.7,3.69,97.8,1.19,10,합격
WF-0450,2026-09-11,3라인,64.8,4.07,97.5,1.22,25,합격
WF-0451,2026-09-11,1라인,65.6,3.99,95.6,1.38,5,합격
WF-0452,2026-09-11,2라인,65.6,4.54,95.8,1.54,16,합격
WF-0453,2026-09-11,3라인,64.5,4.8,98.4,1.07,8,합격
WF-0454,2026-09-11,1라인,64.6,2.94,98.2,1.45,0,합격
WF-0455,2026-09-11,2라인,64.0,4.18,99.5,1.53,7,합격
WF-0456,2026-09-11,3라인,63.5,6.04,100.7,1.18,21,합격
WF-0457,2026-09-11,1라인,68.0,10.0,100.8,0.94,6,합격
WF-0458,2026-09-11,2라인,63.1,4.21,101.7,1.39,24,합격
WF-0459,2026-09-11,3라인,65.5,3.05,95.9,1.19,2,합격
WF-0460,2026-09-11,1라인,63.8,4.63,100.1,1.48,22,합격
WF-0461,2026-09-11,2라인,63.8,4.27,100.1,1.26,18,합격
WF-0462,2026-09-11,3라인,65.4,4.01,96.1,0.71,28,합격
WF-0463,2026-09-11,1라인,73.8,2.85,93.9,0.97,16,불합격
WF-0464,2026-09-11,2라인,70.9,4.23,93.8,1.26,8,합격
WF-0465,2026-09-12,3라인,65.0,4.38,97.1,1.5,10,합격
WF-0466,2026-09-12,1라인,64.6,4.24,98.1,0.72,0,합격
WF-0467,2026-09-12,2라인,66.0,3.34,94.6,1.24,9,합격
WF-0468,2026-09-12,3라인,64.2,4.49,99.0,1.19,0,합격
WF-0469,2026-09-12,1라인,69.0,4.98,94.4,1.03,15,불합격
WF-0470,2026-09-12,2라인,62.9,4.32,102.1,0.93,31,합격
WF-0471,2026-09-12,3라인,65.2,4.02,96.6,1.28,4,합격
WF-0472,2026-09-12,1라인,67.8,4.43,97.5,1.42,5,불합격
WF-0473,2026-09-12,2라인,68.0,4.3,101.0,1.56,4,합격
WF-0474,2026-09-12,3라인,64.7,3.33,97.9,1.24,20,합격
WF-0475,2026-09-12,1라인,65.8,4.25,95.2,0.96,4,합격
WF-0476,2026-09-12,2라인,64.1,3.09,99.2,0.91,11,합격
WF-0477,2026-09-12,3라인,66.1,2.99,94.4,1.01,10,합격
WF-0478,2026-09-12,1라인,68.3,4.16,100.2,1.01,9,합격
WF-0479,2026-09-12,2라인,65.1,4.38,104.0,0.87,4,불합격
WF-0480,2026-09-12,3라인,72.7,2.0,96.5,1.18,13,불합격
WF-0481,2026-09-12,1라인,71.2,4.85,100.2,0.91,9,불합격
WF-0482,2026-09-12,2라인,64.7,4.44,97.7,1.49,0,합격
WF-0483,2026-09-12,3라인,65.3,4.12,96.3,0.99,3,합격
WF-0484,2026-09-12,1라인,66.0,4.16,94.8,1.28,0,합격
WF-0485,2026-09-12,2라인,64.5,4.21,98.3,0.86,51,합격
WF-0486,2026-09-12,3라인,65.3,4.3,96.3,1.11,23,합격
WF-0487,2026-09-12,1라인,65.6,4.91,95.5,0.97,20,합격
WF-0488,2026-09-12,2라인,65.1,4.39,96.9,1.18,8,합격
WF-0489,2026-09-12,3라인,65.6,3.94,95.6,1.26,8,합격
WF-0490,2026-09-12,1라인,66.9,4.42,92.6,1.18,5,합격
WF-0491,2026-09-12,2라인,65.0,3.11,104.2,0.95,14,불합격
WF-0492,2026-09-12,3라인,64.8,3.35,97.6,0.61,0,합격
WF-0493,2026-09-12,1라인,64.6,4.57,98.2,1.22,24,합격
WF-0494,2026-09-12,2라인,70.4,8.28,102.2,1.34,24,불합격
WF-0495,2026-09-12,3라인,64.7,4.59,97.9,0.89,5,합격
WF-0496,2026-09-12,1라인,64.9,4.81,97.3,1.84,25,합격
WF-0497,2026-09-12,2라인,66.0,4.3,94.8,0.69,3,합격
WF-0498,2026-09-12,3라인,64.6,3.15,98.1,0.94,6,합격
WF-0499,2026-09-12,1라인,65.2,4.42,96.7,1.14,9,합격
WF-0500,2026-09-12,2라인,64.6,4.9,98.1,1.2,4,합격
WF-0501,2026-09-12,3라인,65.1,4.53,96.8,1.14,7,합격
WF-0502,2026-09-12,1라인,65.7,4.24,95.4,0.97,8,합격
WF-0503,2026-09-12,2라인,65.6,3.97,95.6,1.17,31,합격
WF-0504,2026-09-12,3라인,70.4,4.25,95.0,0.88,3,합격
WF-0505,2026-09-12,1라인,63.9,3.11,99.6,1.13,6,합격
WF-0506,2026-09-12,2라인,64.2,2.96,99.0,1.35,9,합격
